item,database_table,possible_vault_matches
Ancestral Predator,Adjustments,Astral (Greater)
Barbed Edges,Adjustments,Barbed Vest
Coat of Arms,Adjustments,
Dragon's Creast,Adjustments,Dragon's Crest; Dragonscale Staff; Dragonscale Amulet
Improved Mirror,Adjustments,
Interior Polish,Adjustments,
Mirror (Shield),Adjustments,Meteor Shield; Burr Shield; Martyr's Shield
Shield Augmentation (Backswing),Adjustments,Shield Augmentations
"Shield Augmentation (Disarm, Nonlethal)",Adjustments,Shield Augmentations
"Shield Augmentation (Disarm, Shove)",Adjustments,Shield Augmentations
"Shield Augmentation (Disarm, Thrown 10 feet)",Adjustments,
"Shield Augmentation (Disarm, Trip)",Adjustments,Shield Augmentations
"Shield Augmentation (Disarm, Versatile S)",Adjustments,
Shield Augmentation (Forceful),Adjustments,Shield Augmentations
"Shield Augmentation (Nonlethal, Shove)",Adjustments,Shield Augmentations
"Shield Augmentation (Nonlethal, Thrown 10 feet)",Adjustments,
"Shield Augmentation (Nonlethal, Trip)",Adjustments,Shield Augmentations
"Shield Augmentation (Nonlethal, Versatile S)",Adjustments,
"Shield Augmentation (Shove, Thrown 10 feet)",Adjustments,
"Shield Augmentation (Shove, Trip)",Adjustments,Shield Augmentations
"Shield Augmentation (Shove, Versatile S)",Adjustments,Shield Augmentations
"Shield Augmentation (Thrown 10 feet, Trip)",Adjustments,
"Shield Augmentation (Thrown 10 feet, Versatile S)",Adjustments,
"Shield Augmentation (Trip, Versatile S)",Adjustments,Shield Augmentations
Shield Harness,Adjustments,Shield Archon Eyes; Guide Harness
Shield Sheath,Adjustments,
Shield Strap,Adjustments,
Hunting Spider Venom,Alchemical_Items,Unprocessed Hunting Spider Venom; Spider Venom
Peshspine Grenade (Greater),Alchemical_Items,Peshpine Grenade (Greater); Peshpine Grenade (Moderate); Peshpine Grenade (Lesser)
Peshspine Grenade (Lesser),Alchemical_Items,Peshpine Grenade (Lesser); Peshpine Grenade (Greater); Peshpine Grenade (Major)
Peshspine Grenade (Major),Alchemical_Items,Peshpine Grenade (Major); Peshpine Grenade (Moderate); Peshpine Grenade (Lesser)
Peshspine Grenade (Moderate),Alchemical_Items,Peshpine Grenade (Moderate); Peshpine Grenade (Greater); Peshpine Grenade (Major)
Silver Powder Orb,Alchemical_Items,Silver Orb (Powder)
Elemental Ammunition - Acid (Lesser),Alchemical_Items,Elemental Ammunition (Lesser); Elemental Ammunition (Greater); Elemental Ammunition (Moderate)
Elemental Ammunition - Cold (Lesser),Alchemical_Items,Elemental Ammunition (Lesser); Elemental Ammunition (Moderate); Elemental Ammunition (Greater)
Elemental Ammunition - Electricity (Lesser),Alchemical_Items,Elemental Ammunition (Lesser); Elemental Ammunition (Greater)
Elemental Ammunition - Fire (Lesser),Alchemical_Items,Elemental Ammunition (Lesser); Elemental Ammunition (Greater); Elemental Ammunition (Moderate)
Elemental Ammunition - Poison (Lesser),Alchemical_Items,Elemental Ammunition (Lesser); Elemental Ammunition (Greater); Elemental Ammunition (Moderate)
Elemental Ammunition - Acid (Moderate),Alchemical_Items,Elemental Ammunition (Moderate); Elemental Ammunition (Greater); Elemental Ammunition (Lesser)
Elemental Ammunition - Cold (Moderate),Alchemical_Items,Elemental Ammunition (Moderate); Elemental Ammunition (Greater); Elemental Ammunition (Lesser)
Elemental Ammunition - Electricity (Moderate),Alchemical_Items,Elemental Ammunition (Moderate); Elemental Ammunition (Greater); Elemental Ammunition (Lesser)
Elemental Ammunition - Fire (Moderate),Alchemical_Items,Elemental Ammunition (Moderate); Elemental Ammunition (Greater); Elemental Ammunition (Lesser)
Elemental Ammunition - Poison (Moderate),Alchemical_Items,Elemental Ammunition (Moderate); Elemental Ammunition (Greater); Elemental Ammunition (Lesser)
Elemental Ammunition - Acid  (Greater),Alchemical_Items,Elemental Ammunition (Greater); Elemental Ammunition (Moderate); Elemental Ammunition (Lesser)
Elemental Ammunition - Cold  (Greater),Alchemical_Items,Elemental Ammunition (Greater); Elemental Ammunition (Moderate); Elemental Ammunition (Lesser)
Elemental Ammunition - Electricity  (Greater),Alchemical_Items,Elemental Ammunition (Greater); Elemental Ammunition (Moderate); Elemental Ammunition (Lesser)
Elemental Ammunition - Fire  (Greater),Alchemical_Items,Elemental Ammunition (Greater); Elemental Ammunition (Moderate); Elemental Ammunition (Lesser)
Elemental Ammunition - Poison  (Greater),Alchemical_Items,Elemental Ammunition (Greater); Elemental Ammunition (Moderate); Elemental Ammunition (Lesser)
Bane Ammunition - Aberration (Lesser),Alchemical_Items,Bane Ammunition (Lesser); Bane Ammunition (Greater); Bane Ammunition (Moderate)
Bane Ammunition - Animal (Lesser),Alchemical_Items,Bane Ammunition (Lesser); Ooze Ammunition (Lesser); Blister Ammunition (Lesser)
Bane Ammunition - Beast (Lesser),Alchemical_Items,Bane Ammunition (Lesser); Bane Ammunition (Greater); Ooze Ammunition (Lesser)
Bane Ammunition - Dragon (Lesser),Alchemical_Items,Bane Ammunition (Lesser); Bane Ammunition (Greater); Ooze Ammunition (Lesser)
Bane Ammunition - Fey (Lesser),Alchemical_Items,Bane Ammunition (Lesser); Ooze Ammunition (Lesser); Blister Ammunition (Lesser)
Bane Ammunition - Giant (Lesser),Alchemical_Items,Bane Ammunition (Lesser); Bane Ammunition (Greater); Ooze Ammunition (Lesser)
Bane Ammunition - Ooze (Lesser),Alchemical_Items,Bane Ammunition (Lesser); Ooze Ammunition (Lesser); Blister Ammunition (Lesser)
Bane Ammunition - Fungus/Plant (Lesser),Alchemical_Items,Bane Ammunition (Lesser)
Bane Ammunition - Aberration (Greater),Alchemical_Items,Bane Ammunition (Greater)
Bane Ammunition - Animal (Greater),Alchemical_Items,Bane Ammunition (Greater); Bane Ammunition (Moderate); Bane Ammunition (Lesser)
Bane Ammunition - Beast (Greater),Alchemical_Items,Bane Ammunition (Greater); Bane Ammunition (Moderate); Bane Ammunition (Lesser)
Bane Ammunition - Dragon (Greater),Alchemical_Items,Bane Ammunition (Greater); Bane Ammunition (Moderate); Ooze Ammunition (Greater)
Bane Ammunition - Fey (Greater),Alchemical_Items,Bane Ammunition (Greater); Bane Ammunition (Moderate); Ooze Ammunition (Greater)
Bane Ammunition - Giant (Greater),Alchemical_Items,Bane Ammunition (Greater); Ooze Ammunition (Greater); Blister Ammunition (Greater)
Bane Ammunition - Ooze (Greater),Alchemical_Items,Bane Ammunition (Greater); Bane Ammunition (Moderate); Ooze Ammunition (Greater)
Bane Ammunition - Fungus/Plant (Greater),Alchemical_Items,Bane Ammunition (Greater)
Bane Ammunition - Aberration (Moderate),Alchemical_Items,Bane Ammunition (Moderate)
Bane Ammunition - Animal (Moderate),Alchemical_Items,Bane Ammunition (Moderate); Ooze Ammunition (Moderate); Blister Ammunition (Moderate)
Bane Ammunition - Beast (Moderate),Alchemical_Items,Bane Ammunition (Moderate); Ooze Ammunition (Moderate); Blister Ammunition (Moderate)
Bane Ammunition - Dragon (Moderate),Alchemical_Items,Bane Ammunition (Moderate); Bane Ammunition (Greater); Ooze Ammunition (Moderate)
Bane Ammunition - Fey (Moderate),Alchemical_Items,Bane Ammunition (Moderate); Ooze Ammunition (Moderate); Blister Ammunition (Moderate)
Bane Ammunition - Giant (Moderate),Alchemical_Items,Bane Ammunition (Moderate); Bane Ammunition (Greater); Ooze Ammunition (Moderate)
Bane Ammunition - Ooze (Moderate),Alchemical_Items,Bane Ammunition (Moderate); Ooze Ammunition (Moderate); Blister Ammunition (Moderate)
Bane Ammunition - Fungus/Plant (Moderate),Alchemical_Items,Bane Ammunition (Moderate)
Energy Mutagen - Acid (Greater),Alchemical_Items,Energy Mutagen (Greater); Energy Mutagen (Moderate); Serene Mutagen (Greater)
Energy Mutagen - Cold (Greater),Alchemical_Items,Energy Mutagen (Greater); Energy Mutagen (Moderate); Energy Mutagen (Lesser)
Energy Mutagen - Electricity (Greater),Alchemical_Items,Energy Mutagen (Greater)
Energy Mutagen - Fire (Greater),Alchemical_Items,Energy Mutagen (Greater); Energy Mutagen (Moderate); Serene Mutagen (Greater)
Energy Mutagen - Acid (Lesser),Alchemical_Items,Energy Mutagen (Lesser); Serene Mutagen (Lesser); Prey Mutagen (Lesser)
Energy Mutagen - Cold (Lesser),Alchemical_Items,Energy Mutagen (Lesser); Energy Mutagen (Moderate); Serene Mutagen (Lesser)
Energy Mutagen - Electricity (Lesser),Alchemical_Items,Energy Mutagen (Lesser)
Energy Mutagen - Fire (Lesser),Alchemical_Items,Energy Mutagen (Lesser); Energy Mutagen (Greater); Serene Mutagen (Lesser)
Energy Mutagen - Acid (Major),Alchemical_Items,Energy Mutagen (Major); Serene Mutagen (Major); Energy Mutagen (Moderate)
Energy Mutagen - Cold (Major),Alchemical_Items,Energy Mutagen (Major); Serene Mutagen (Major); Energy Mutagen (Moderate)
Energy Mutagen - Electricity (Major),Alchemical_Items,Energy Mutagen (Major)
Energy Mutagen - Fire (Major),Alchemical_Items,Energy Mutagen (Major); Energy Mutagen (Greater); Serene Mutagen (Major)
Energy Mutagen - Acid (Moderate),Alchemical_Items,Energy Mutagen (Moderate); Serene Mutagen (Moderate); Prey Mutagen (Moderate)
Energy Mutagen - Cold (Moderate),Alchemical_Items,Energy Mutagen (Moderate); Serene Mutagen (Moderate); Prey Mutagen (Moderate)
Energy Mutagen - Electricity (Moderate),Alchemical_Items,Energy Mutagen (Moderate)
Energy Mutagen - Fire (Moderate),Alchemical_Items,Energy Mutagen (Moderate); Energy Mutagen (Greater); Serene Mutagen (Moderate)
Robes,Armor_Basic,
Dragonhide Armor - Arcane (High-Grade),Armor_Material,Dragonhide Armor (High Grade); Dragonhide Armor (Standard Grade); Dragonhide Buckler (High Grade)
Dragonhide Armor - Arcane (Standard-Grade),Armor_Material,Dragonhide Armor (Standard Grade); Dragonhide Buckler (Standard Grade); Dragonhide Shield (Standard Grade)
Noqual Armor (High-Grade),Armor_Material,Inubrix Armor High (Standard Grade); Cold Iron Armor (High Grade); Silver Armor (High Grade)
Noqual Armor (Standard-Grade),Armor_Material,Inubrix Armor (Standard Grade); Cold Iron Armor (Standard Grade); Silver Armor (Standard Grade)
Orichalcum Armor (High-Grade),Armor_Material,Abysium Armor (High Grade); Silver Armor (High Grade)
Siccatite Armor (High-Grade),Armor_Material,Silver Armor (High Grade); Adamantine Armor (High Grade); Grisantian Pelt Armor (High Grade)
Siccatite Armor (Standard-Grade),Armor_Material,Silver Armor (Standard Grade); Adamantine Armor (Standard Grade); Grisantian Pelt Armor (Standard Grade)
Sisterstone Armor (High-Grade),Armor_Material,Keep Stone Armor (High Grade); Silver Armor (High Grade); Cold Iron Armor (High Grade)
Sisterstone Armor (Low-Grade),Armor_Material,Silver Armor (Low Grade); Cold Iron Armor (Low Grade)
Sisterstone Armor (Standard-Grade),Armor_Material,Silver Armor (Standard Grade); Cold Iron Armor (Standard Grade); Dragonhide Armor (Standard Grade)
Sovereign Steel Armor (High-Grade),Armor_Material,Silver Armor (High Grade)
Sovereign Steel Armor (Standard-Grade),Armor_Material,Silver Armor (Standard Grade); Djezet Armor (Standard Grade); Dragonhide Armor (Standard Grade)
Dragonhide Armor - Divine (High-Grade),Armor_Material,Dragonhide Armor (High Grade); Dragonhide Shield (High Grade); Dragonhide Armor (Standard Grade)
Dragonhide Armor - Divine (Standard Grade),Armor_Material,Dragonhide Armor (Standard Grade); Dragonhide Shield (Standard Grade); Dragonhide Buckler (Standard Grade)
Dragonhide Armor - Occult (High-Grade),Armor_Material,Dragonhide Armor (High Grade); Dragonhide Buckler (High Grade); Dragonhide Shield (High Grade)
Dragonhide Armor - Occult (Standard-Grade),Armor_Material,Dragonhide Armor (Standard Grade); Dragonhide Buckler (Standard Grade); Dragonhide Shield (Standard Grade)
Dragonhide Armor - Primal (High-Grade),Armor_Material,Dragonhide Armor (High Grade); Dragonhide Shield (High Grade); Dragonhide Armor (Standard Grade)
Dragonhide Armor - Primal (Standard-Grade),Armor_Material,Dragonhide Armor (Standard Grade); Dragonhide Shield (Standard Grade); Dragonhide Buckler (Standard Grade)
Adamantine Flake,Consumables,Adamantine; Adamantine Echo; Adamantine Chunk
Adamantine Flake (Greater),Consumables,
Adamantine Flake (Major),Consumables,
Adamantine Flake (True),Consumables,
Energy Breath Potion - Acid (Moderate),Consumables,Energy Breath Potion (Moderate); Energy Breath Potion (Greater); Energy Breath Potion (Lesser)
Energy Breath Potion - Acid (Greater),Consumables,Energy Breath Potion (Greater); Energy Breath Potion (Moderate); Energy Breath Potion (Lesser)
Energy Breath Potion - Acid (Lesser),Consumables,Energy Breath Potion (Lesser); Energy Breath Potion (Greater); Energy Breath Potion (Moderate)
Energy Breath Potion - Electricity (Moderate),Consumables,Energy Breath Potion (Moderate); Energy Breath Potion (Greater); Energy Breath Potion (Lesser)
Energy Breath Potion - Electricity (Greater),Consumables,Energy Breath Potion (Greater); Energy Breath Potion (Moderate); Energy Breath Potion (Lesser)
Energy Breath Potion - Electricity (Lesser),Consumables,Energy Breath Potion (Lesser); Energy Breath Potion (Greater)
Bottled Firefly Swarm,Consumables,
Bottled Firefly Swarm (Greater),Consumables,
Bottled Firefly Swarm (Major),Consumables,
Bottled Firefly Swarm (True),Consumables,
Energy Breath Potion - Cold (Moderate),Consumables,Energy Breath Potion (Moderate); Energy Breath Potion (Greater); Energy Breath Potion (Lesser)
Energy Breath Potion - Cold (Greater),Consumables,Energy Breath Potion (Greater); Energy Breath Potion (Moderate); Energy Breath Potion (Lesser)
Energy Breath Potion - Cold (Lesser),Consumables,Energy Breath Potion (Lesser); Energy Breath Potion (Moderate); Energy Breath Potion (Greater)
Energy Breath Potion - Fire (Moderate),Consumables,Energy Breath Potion (Moderate); Energy Breath Potion (Greater); Energy Breath Potion (Lesser)
Energy Breath Potion - Fire (Greater),Consumables,Energy Breath Potion (Greater); Energy Breath Potion (Moderate); Energy Breath Potion (Lesser)
Energy Breath Potion - Fire (Lesser),Consumables,Energy Breath Potion (Lesser); Energy Breath Potion (Greater); Energy Breath Potion (Moderate)
Energy Breath Potion - Sonic (Moderate),Consumables,Energy Breath Potion (Moderate); Energy Breath Potion (Greater); Energy Breath Potion (Lesser)
Energy Breath Potion - Sonic (Greater),Consumables,Energy Breath Potion (Greater); Energy Breath Potion (Moderate); Energy Breath Potion (Lesser)
Energy Breath Potion - Sonic (Lesser),Consumables,Energy Breath Potion (Lesser); Energy Breath Potion (Greater); Energy Breath Potion (Moderate)
Fey Dragonet Liqueur,Consumables,Faerie Dragon Liqueur; Faerie Dragon Liqueur; Faerie Dragonet Liqueur (Lesser)
Fey Dragonet Liqueur (Greater),Consumables,Faerie Dragonet Liqueur (Greater); Faerie Dragonet Liqueur (Lesser); Faerie Dragon Liqueur
Fey Dragonet Liqueur (LEsser),Consumables,Faerie Dragonet Liqueur (Lesser); Faerie Dragonet Liqueur (Greater); Faerie Dragon Liqueur
Heartstone Talisman,Consumables,
Magnetic Token,Consumables,Magnet Coin; Magnetic Suit
Oil of Object Animation,Consumables,Oil of Animation
Oil of Object Animation (Greater),Consumables,Potion of Retaliation (Greater)
Potion of Retaliation - Acid (Greater),Consumables,Potion of Retaliation (Greater); Potion of Retaliation (Moderate); Potion of Retaliation (Lesser)
Potion of Retaliation - Acid (Lesser),Consumables,Potion of Retaliation (Lesser); Potion of Retaliation (Greater); Potion of Retaliation (Minor)
Potion of Retaliation - Acid (Major),Consumables,Potion of Retaliation (Major); Potion of Retaliation (Minor); Potion of Retaliation (Moderate)
Potion of Retaliation - Acid (Minor),Consumables,Potion of Retaliation (Minor); Potion of Retaliation (Major); Potion of Retaliation (Moderate)
Potion of Retaliation - Acid (Moderate),Consumables,Potion of Retaliation (Moderate); Potion of Retaliation (Greater); Potion of Retaliation (Minor)
Runestone (I),Consumables,Runestone; Grudgestone
Runestone (II),Consumables,Runestone; Grudgestone
Runestone (III),Consumables,Runestone
Runestone (IV),Consumables,Runestone; Grudgestone
Runestone (V),Consumables,Runestone; Grudgestone
Runestone (VI),Consumables,Runestone; Grudgestone
Runestone (VII),Consumables,Runestone
Stone and Mortar,Consumables,
Tree Sap,Consumables,
Tree Sap (Greater),Consumables,Ready (Greater); Dread (Greater); Trueshape Bomb (Greater)
Venom Pouch,Consumables,
Venom Pouch (Greater),Consumables,
Venom Pouch (Major),Consumables,
Elemental Fragment - Air Fragment,Consumables,Elemental Fragment (Greater); Elemental Fragment; Elemental Fragment (Major)
Elemental Fragment - Earth Fragment,Consumables,Elemental Fragment (Greater); Elemental Fragment
Elemental Fragment - Fire Fragment,Consumables,Elemental Fragment (Greater); Elemental Fragment
Elemental Fragment - Metal Fragment,Consumables,Elemental Fragment (Major); Elemental Fragment (Greater); Elemental Fragment
Elemental Fragment - Water Fragment,Consumables,Elemental Fragment (Greater); Elemental Fragment
Elemental Fragment - Wood Fragment,Consumables,Elemental Fragment (Greater); Elemental Fragment
Elemental Fragment - Air (Greater),Consumables,Elemental Fragment (Greater); Elemental Fragment (Major); Elemental Fragment
Elemental Fragment - Earth (Greater),Consumables,Elemental Fragment (Greater); Elemental Fragment (Major); Elemental Fragment
Elemental Fragment - Fire (Greater),Consumables,Elemental Fragment (Greater); Elemental Fragment (Major); Elemental Fragment
Elemental Fragment - Metal (Greater),Consumables,Elemental Fragment (Greater); Elemental Fragment (Major); Elemental Fragment
Elemental Fragment - Water (Greater),Consumables,Elemental Fragment (Greater); Elemental Fragment (Major); Elemental Fragment
Elemental Fragment - Wood (Greater),Consumables,Elemental Fragment (Greater); Elemental Ammunition (Greater); Elemental Fragment (Major)
Elemental Fragment - Air (Major),Consumables,Elemental Fragment (Major); Elemental Fragment (Greater); Elemental Fragment
Elemental Fragment - Earth (Major),Consumables,Elemental Fragment (Major); Elemental Fragment (Greater); Elemental Fragment
Elemental Fragment - Fire (Major),Consumables,Elemental Fragment (Major); Elemental Fragment (Greater); Elemental Fragment
Elemental Fragment - Metal (Major),Consumables,Elemental Fragment (Major); Elemental Fragment
Elemental Fragment - Water (Major),Consumables,Elemental Fragment (Major); Elemental Fragment (Greater); Elemental Fragment
Elemental Fragment - Wood (Major),Consumables,Elemental Fragment (Major); Elemental Fragment; Elemental Fragment (Greater)
Elemental Gem - Transparent,Consumables,
Elemental Gem - Light Brown,Consumables,
Elemental Gem - Reddish Orange,Consumables,
Elemental Gem - Blue-Green,Consumables,Elemental Gem
Dragonclaw Scutcheon - Adamantine,Consumables,Dragonclaw Scutcheon
Dragonclaw Scutcheon - Conspirator,Consumables,Dragonclaw Scutcheon
Dragonclaw Scutcheon - Horned,Consumables,Dragonclaw Scutcheon
Dragonclaw Scutcheon - Diabolic,Consumables,Dragonclaw Scutcheon
Dragonclaw Scutcheon - Empyreal,Consumables,Dragonclaw Scutcheon
Dragonclaw Scutcheon - Fortune,Consumables,Dragonclaw Scutcheon
Dragonclaw Scutcheon - Mirage,Consumables,Dragonclaw Scutcheon
Dragonclaw Scutcheon - Omen,Consumables,Dragonclaw Scutcheon
Dragontooth Trophy - Adamantine,Consumables,Dragontooth Trophy
Dragontooth Trophy - Conspirator,Consumables,Dragontooth Trophy
Dragontooth Trophy - Horned,Consumables,Dragontooth Trophy
Dragontooth Trophy - Diabolic,Consumables,Dragontooth Trophy
Dragontooth Trophy - Empyreal,Consumables,Dragontooth Trophy
Dragontooth Trophy - Fortune,Consumables,Dragontooth Trophy
Dragontooth Trophy - Mirage,Consumables,Dragontooth Trophy
Dragontooth Trophy - Omen,Consumables,Dragontooth Trophy
Potion of Retaliation - Cold (Greater),Consumables,Potion of Retaliation (Greater); Potion of Retaliation (Moderate); Potion of Retaliation (Lesser)
Potion of Retaliation - Cold (Lesser),Consumables,Potion of Retaliation (Lesser); Potion of Retaliation (Moderate); Potion of Retaliation (Greater)
Potion of Retaliation - Cold (Major),Consumables,Potion of Retaliation (Major); Potion of Retaliation (Minor); Potion of Retaliation (Moderate)
Potion of Retaliation - Cold (Minor),Consumables,Potion of Retaliation (Minor); Potion of Retaliation (Major); Potion of Retaliation (Moderate)
Potion of Retaliation - Cold (Moderate),Consumables,Potion of Retaliation (Moderate); Potion of Retaliation (Greater); Potion of Retaliation (Minor)
Potion of Retaliation - Electricity (Greater),Consumables,Potion of Retaliation (Greater); Potion of Retaliation (Moderate); Potion of Retaliation (Lesser)
Potion of Retaliation - Electricity (Lesser),Consumables,Potion of Retaliation (Lesser); Potion of Retaliation (Greater)
Potion of Retaliation - Electricity (Major),Consumables,Potion of Retaliation (Major); Potion of Retaliation (Minor); Potion of Retaliation (Lesser)
Potion of Retaliation - Electricity (Minor),Consumables,Potion of Retaliation (Minor); Potion of Retaliation (Major); Potion of Retaliation (Lesser)
Potion of Retaliation - Electricity (Moderate),Consumables,Potion of Retaliation (Moderate); Potion of Retaliation (Greater); Potion of Retaliation (Lesser)
Potion of Retaliation - Fire (Greater),Consumables,Potion of Retaliation (Greater); Potion of Retaliation (Moderate); Potion of Retaliation (Lesser)
Potion of Retaliation - Fire (Lesser),Consumables,Potion of Retaliation (Lesser); Potion of Retaliation (Greater); Potion of Retaliation (Minor)
Potion of Retaliation - Fire (Major),Consumables,Potion of Retaliation (Major); Potion of Retaliation (Greater); Potion of Retaliation (Minor)
Potion of Retaliation - Fire (Minor),Consumables,Potion of Retaliation (Minor); Potion of Retaliation (Major); Potion of Retaliation (Greater)
Potion of Retaliation - Fire (Moderate),Consumables,Potion of Retaliation (Moderate); Potion of Retaliation (Greater); Potion of Retaliation (Minor)
Prismatic Crystal,Consumables,Prismatic Crystal Shard; Prismatic Dust; Rime Crystal
Draconic Toxin Bottle,Cursed,
Golden Rod Momento,Cursed,Golden Rod Memento
Ring of Truths,Cursed,Ring of Truth
Piercing,Damage_Type,Piercing Wind; Piercing Horn; Sky-Piercing Bow
Slashing,Damage_Type,Sling; Slashing Claws
Bludgeoning,Damage_Type,
Acid,Damage_Type,
Cold,Damage_Type,
Electricity,Damage_Type,
Fire,Damage_Type,Fire Poi; Fire Box
Sonic,Damage_Type,
Vitality,Damage_Type,
Void,Damage_Type,
Force,Damage_Type,
Spirit,Damage_Type,Spirit Fan; Spirit Trap; Spirit Bulb
Mental,Damage_Type,
Poison,Damage_Type,Poison Ring; Poison Base; Piton
Bleed,Damage_Type,
Formula - 1,Formula,
Formula - 10,Formula,
Formula - 11,Formula,
Formula - 12,Formula,
Formula - 13,Formula,
Formula - 14,Formula,
Formula - 15,Formula,
Formula - 16,Formula,
Formula - 17,Formula,
Formula - 18,Formula,
Formula - 19,Formula,
Formula - 2,Formula,
Formula - 20,Formula,
Formula - 3,Formula,
Formula - 4,Formula,
Formula - 5,Formula,
Formula - 6,Formula,
Formula - 7,Formula,
Formula - 8,Formula,
Formula - 9,Formula,
Broom of Flying,Held_Items,Potion of Flying
Cipher of the Elemental Planes,Held_Items,Cipher of Elemental Planes
Everburning Torch,Held_Items,Everburning Coal
Horn of Fog,Held_Items,
Light Writer (Metal Plates per 10),Held_Items,Light Writer Plates
Darkwood Branch,Materials,Duskwood Branch; Peachwood Branch
Darkwood Lumber,Materials,Duskwood Lumber; Peachwood Lumber
Dragonhide (Black),Materials,Dragonhide
Dragonhide (Blue),Materials,Dragonhide; Dragon Bile
Dragonhide (Brass),Materials,Dragonhide; Dragon Handwraps
Dragonhide (Bronze),Materials,Dragonhide
Dragonhide (Copper),Materials,Dragonhide
Dragonhide (Gold),Materials,Dragonhide
Dragonhide (Green),Materials,Dragonhide; Dragon Teeth (Green)
Dragonhide (High-Grade Black),Materials,Dragonhide Armor (High Grade); Dragonhide Shield (High Grade); Dragonhide Buckler (High Grade)
Dragonhide (High-Grade Blue),Materials,Dragonhide Armor (High Grade); Dragonhide Shield (High Grade); Dragonhide Buckler (High Grade)
Dragonhide (High-Grade Brass),Materials,Dragonhide Armor (High Grade); Dragonhide Shield (High Grade); Dragonhide Buckler (High Grade)
Dragonhide (High-Grade Bronze),Materials,Dragonhide Armor (High Grade); Dragonhide Shield (High Grade); Dragonhide Buckler (High Grade)
Dragonhide (High-Grade Copper),Materials,Dragonhide Armor (High Grade); Dragonhide Shield (High Grade); Dragonhide Buckler (High Grade)
Dragonhide (High-Grade Gold),Materials,Dragonhide Armor (High Grade); Dragonhide Shield (High Grade); Dragonhide Buckler (High Grade)
Dragonhide (High-Grade Green),Materials,Dragonhide Armor (High Grade); Dragonhide Shield (High Grade); Dragonhide Buckler (High Grade)
Dragonhide (High-Grade Red),Materials,Dragonhide Armor (High Grade); Dragonhide Shield (High Grade); Dragonhide Buckler (High Grade)
Dragonhide (High-Grade Silver),Materials,Dragonhide Armor (High Grade); Dragonhide Shield (High Grade); Dragonhide Buckler (High Grade)
Dragonhide (High-Grade White),Materials,Dragonhide Armor (High Grade); Dragonhide Shield (High Grade); Dragonhide Buckler (High Grade)
Dragonhide (Red),Materials,Dragonhide
Dragonhide (Silver),Materials,Dragonhide
Dragonhide (White),Materials,Dragonhide
Mithral Chunk,Materials,
Mithral Ingot,Materials,
Arrows (10),Mundane,Arrows
Blowgun darts (10),Mundane,Blowgun Darts
Bludgeon Arrows (10),Mundane,
Chain (10 ft),Mundane,
Chalk (10 pieces),Mundane,
Clothing (Explorer's),Mundane,
Bolts (10),Mundane,Bolts
Fiddle,Mundane,
Fiddle (Virtuoso),Mundane,
Flute,Mundane,
Flute (Virtuoso),Mundane,
Full Set of Chimes,Mundane,
Full Set of Chimes (Virtuoso),Mundane,
Harp,Mundane,Harpoon
Harp (Virtuoso),Mundane,
Keyboard,Mundane,
Keyboard (Virtuoso),Mundane,
Large Drums,Mundane,
Large Drums (Virtuoso),Mundane,
Lute,Mundane,
Lute (Virtuoso),Mundane,
Pan Flute,Mundane,
Pan Flute (Virtuoso),Mundane,
Puzzle Box (Hollow),Mundane,Puzzle Box (Simple) (Hollow); Puzzle Box (Complex) (Hollow); Puzzle Box (Challenging) (Hollow)
Recorder,Mundane,
Recorder (Virtuoso),Mundane,
Ruler,Mundane,
Sling bullets (10),Mundane,Sling Bullets
Small Drums,Mundane,
Small Drums (Virtuoso),Mundane,
Small Harp,Mundane,
Small Harp (Virtuoso),Mundane,
Surprise Doll,Mundane,
Trumpet,Mundane,The Trumpet
Trumpet (Virtuoso),Mundane,
Tuba,Mundane,
Tuba (Virtuoso),Mundane,
Viol,Mundane,Vial
Viol (Virtuoso),Mundane,
Wooden Taws (per 10),Mundane,Wooden Taws
Abyssal Pact,Rituals,
Angelic Messenger,Rituals,
Anima Invocation (Modified),Rituals,
Animate Object,Rituals,Anima Robe
Arcane Weaving,Rituals,
Asmodean Wager,Rituals,
Astral Projection,Rituals,Staff of Protection
Atone,Rituals,
Awaken Animal,Rituals,
Awaken Object,Rituals,
Awaken Portal,Rituals,
Bacchanalia,Rituals,
Bathe In Blood,Rituals,
Binding Circle,Rituals,Binding Coil; Mind's Light Circlet; Binding Snare
Blight,Rituals,
Bonding Meal,Rituals,
Bountiful Oasis,Rituals,
Butterfly Bender,Rituals,
Call Spirit,Rituals,
Clone,Rituals,
Collective Memories,Rituals,
Commune,Rituals,
Commune With Nature,Rituals,
Community Repair,Rituals,
Concealment's Curtain,Rituals,Concealment Coin
Consecrate,Rituals,
Construct Mindscape,Rituals,
Contact Friends,Rituals,
Control Weather,Rituals,
Create Demiplane,Rituals,
Create Skinstitch,Rituals,
Create Undead,Rituals,
Daemonic Pact,Rituals,
Diabolic Pact,Rituals,
Div Pact,Rituals,
Dread Ambience,Rituals,
Elemental Sentinel,Rituals,
Elemental Servitor,Rituals,Elemental Core
Empower Ley Line,Rituals,
Establish Nexus,Rituals,
Fantastic Facade,Rituals,
Feast of Supplication,Rituals,
Fey Abeyance,Rituals,
Form of the Sandpoint Devil,Rituals,
Fortifying Brew,Rituals,Fortifying Pebble
Freedom,Rituals,
Garden Of Death,Rituals,Tears of Death
Gathering Call,Rituals,
Geas,Rituals,
Guardian's Aegis,Rituals,Guardian Staff
Heartbond,Rituals,Heartstone
Heroes' Feast,Rituals,
Ideal Mimicry,Rituals,
Imprisonment,Rituals,
Infernal Pact,Rituals,Infernal Health
Inveigle,Rituals,
Lucky Month,Rituals,
Mind Swap,Rituals,Mind-Swap Potion
Mindscape Door,Rituals,
Mosquito Blight,Rituals,
Mother's Blessing,Rituals,Bort's Blessing
Mystic Carriage,Rituals,Toy Carriage
Oblivious Explusion,Rituals,
Owb Pact,Rituals,
Perfection of Essence,Rituals,
Phantasmal Custodians,Rituals,
Planar Displacement,Rituals,
Planar Servitor,Rituals,
Plant Growth,Rituals,
Portrait Of Spite,Rituals,
Power of the Beasts,Rituals,Pelt of the Beast
Primal Call,Rituals,Animal Call; Primal Pollen
Purify Soul Path,Rituals,
Raga of Remembrance,Rituals,Jug of Fond Remembrance
Ravenous Reanimation,Rituals,
Recall Past Life,Rituals,
Reincarnate,Rituals,
Rest Eternal,Rituals,
Resurrect,Rituals,Resurrection Tea
Rune Trap,Rituals,
Seed of Mercy,Rituals,Mask of Mercy
Shadow Double,Rituals,
Simulacrum,Rituals,
Sky Signs,Rituals,
Statuette,Rituals,Warding Statuette
Supreme Connection,Rituals,
Tattoo Whispers,Rituals,
Teleportation Circle,Rituals,
Terminate Bloodline,Rituals,
The Unseeing Blade Master,Rituals,
The World's A Stage,Rituals,
Unfettered Mark,Rituals,
Unseen Custodians,Rituals,
Unseen Heralds,Rituals,
Vital Singularity,Rituals,
Ward Domain,Rituals,
Waters of Prediction,Rituals,
Wild Allegiance,Rituals,
Wish,Rituals,
Aggressive,Runes,
Confounding,Runes,Wounding
Dancing,Runes,Advancing; Stanching; Anchoring
Darkness,Runes,Harness
Disrupting,Runes,
Disrupting (Greater),Runes,Rooting (Greater); Striking (Greater); Crushing (Greater)
Energy-Resistant Shield,Runes,Energy-Resistant; Energy-Resistant (Greater)
Energy-Resistant Shield (Greater),Runes,Energy-Resistant (Greater)
Energy-Resistant Shield (Major),Runes,Energy-Resistant
Enlarging,Runes,Energizing
Environmental,Runes,
Environmental (Greater),Runes,
Feather,Runes,Roc Feathers; Stormfeather; Lucky Feather
Floating,Runes,Flaming; Coating; Floating Shield
Glamered,Runes,
Greater Resilient,Runes,Resilient
Greater Striking,Runes,
Major Resilient,Runes,Resilient; Mat of Resilience
Major Striking,Runes,Striking
Merciful,Runes,Merciful Balm; Merciful Charm
Speed,Runes,
Spellbreaking,Runes,Spellbreaking (Illusion); Spellbreaking (Evocation); Spellbreaking (Necromancy)
Spell-Storing,Runes,Spell Bastion; Specialist's Ring
Energy-Resistant - Acid,Runes,Energy-Resistant; Energy-Resistant (Greater)
Energy-Resistant - Cold,Runes,Energy-Resistant; Energy-Resistant (Greater)
Energy-Resistant - Electricity,Runes,Energy Robe of Electricity; Energy-Resistant
Energy-Resistant - Fire,Runes,Energy-Resistant; Energy-Resistant (Greater)
Energy-Resistant - Acid (Greater),Runes,Energy-Resistant (Greater); Energy-Resistant
Energy-Resistant - Cold (Greater),Runes,Energy-Resistant (Greater); Energy-Resistant
Energy-Resistant - Electricity (Greater),Runes,Energy-Resistant (Greater)
Energy-Resistant - Fire (Greater),Runes,Energy-Resistant (Greater); Energy-Resistant
Spell scroll (1st level),Scrolls,
Spell scroll (1st level),Scrolls,
Spell scroll (2nd level),Scrolls,
Spell scroll (2nd level),Scrolls,
Spell scroll (3rd level),Scrolls,
Spell scroll (3rd level),Scrolls,
Spell scroll (4th level),Scrolls,
Spell scroll (4th level),Scrolls,
Spell scroll (5th level),Scrolls,
Spell scroll (5th level),Scrolls,
Spell scroll (6th level),Scrolls,
Spell scroll (6th level),Scrolls,
Spell scroll (7th level),Scrolls,
Spell scroll (7th level),Scrolls,
Spell scroll (8th level),Scrolls,
Spell scroll (8th level),Scrolls,
Spell scroll (9th level),Scrolls,
Spell scroll (9th level),Scrolls,
Spell scroll (10th level),Scrolls,
Spell scroll (10th level),Scrolls,
Fist Shield,Shield_Basic,Steel Shield; Lion's Shield; Limestone Shield
Heater Shield,Shield_Basic,Meteor Shield; Hide Shield; dart-shield
Hoplon,Shield_Basic,
Kite Shield,Shield_Basic,Hide Shield; Steel Shield; Spined Shield
Pavise,Shield_Basic,
Scutum,Shield_Basic,
Shield Gauntlet,Shield_Basic,Spiked Gauntlet; Gauntlet
Targe,Shield_Basic,
Tower Shield,Shield_Basic,Steel Shield; Force Shield; Throwing Shield
Viking Shield,Shield_Basic,Shining Shield
Darkwood Shield (High-Grade),Shield_Material,Duskwood Shield (High Grade); Duskwood Tower Shield (High Grade); Dragonhide Shield (High Grade)
Darkwood Shield (Standard-Grade),Shield_Material,Duskwood Shield (Standard Grade); Duskwood Tower Shield (Standard Grade); Dragonhide Shield (Standard Grade)
Dragonhide Shield - Arcane (High-Grade),Shield_Material,Dragonhide Shield (High Grade); Dragonhide Shield (Standard Grade); Dragonhide Armor (High Grade)
Dragonhide Shield - Arcane (Standard-Grade),Shield_Material,Dragonhide Shield (Standard Grade); Dragonhide Armor (Standard Grade); Dragonhide Buckler (Standard Grade)
Mithral Shield (High-Grade),Shield_Material,Silver Shield (High Grade); Inubrix Shield (High Grade); Djezet Shield (High Grade)
Mithral Shield (Standard-Grade),Shield_Material,Silver Shield (Standard Grade); Inubrix Shield (Standard Grade); Djezet Shield (Standard Grade)
Noqual Shield (High-Grade),Shield_Material,Inubrix Shield (High Grade); Cold Iron Shield (high Grade); Silver Shield (High Grade)
Orichalcum Shield (High-Grade),Shield_Material,Abysium Shield (High Grade); Silver Shield (High Grade); Inubrix Shield (High Grade)
Siccatite Shield (High-Grade),Shield_Material,Silver Shield (High Grade); Adamantine Shield (High Grade); Keep Stone Shield (High Grade)
Siccatite Shield (Standard-Grade),Shield_Material,Silver Shield (Standard Grade); Adamantine Shield (Standard Grade); Inubrix Shield (Standard Grade)
Dragonhide Shield - Divine (High-Grade),Shield_Material,Dragonhide Shield (High Grade); Dragonhide Buckler (High Grade); Dragonhide Shield (Standard Grade)
Dragonhide Shield - Divine (Standard-Grade),Shield_Material,Dragonhide Shield (Standard Grade); Dragonhide Buckler (Standard Grade); Dawnsilver Shield (Standard Grade)
Dragonhide Shield - Occult (High-Grade),Shield_Material,Dragonhide Shield (High Grade); Dragonhide Buckler (High Grade); Dragonhide Shield (Standard Grade)
Dragonhide Shield - Occult (Standard-Grade),Shield_Material,Dragonhide Shield (Standard Grade); Dragonhide Buckler (Standard Grade); Dragonhide Armor (Standard Grade)
Dragonhide Shield - Primal (High-Grade),Shield_Material,Dragonhide Shield (High Grade); Dragonhide Buckler (High Grade); Dragonhide Shield (Standard Grade)
Dragonhide Shield - Primal (Standard-Grade),Shield_Material,Dragonhide Shield (Standard Grade); Dragonhide Buckler (Standard Grade); Dragonhide Armor (Standard Grade)
Breastplate of Command,Specific_Magic_Armor,
Breastplate of Command (Greater),Specific_Magic_Armor,
Celestial Armor,Specific_Magic_Armor,Celestial Hair
Demon Armor,Specific_Magic_Armor,Demon Cruor; Hide Armor
Graveknight Plate,Specific_Magic_Armor,Hellknight Plate
Graveknight Plate (Greater),Specific_Magic_Armor,
Graveknight Plate (Major),Specific_Magic_Armor,
Graveknight Plate (True),Specific_Magic_Armor,
Plate of Yled (Graveknight Plate),Specific_Magic_Armor,Plate of Yled (Greater)
Plate of Yled (Greater Graveknight Plate),Specific_Magic_Armor,
Plate of Yled (Major Graveknight Plate),Specific_Magic_Armor,
Plate of Yled (True Graveknight Plate),Specific_Magic_Armor,
Rhino Hide,Specific_Magic_Armor,Rhino Hide Brooch
Hippotamus Klar,Specific_Magic_Shields,Hippopotamus Klar
Mycoweave Shiled (Major),Specific_Magic_Shields,Mycoweave Shield (Major); Mycoweave Shield (Lesser)
Belicose Dagger,Specific_Magic_Weapons,Bellicose Dagger
Dagger of Venom,Specific_Magic_Weapons,
Dragontooth Club,Specific_Magic_Weapons,
Gearblade (Bastard Sword),Specific_Magic_Weapons,Bastard Sword
Gearblade (Greatclub),Specific_Magic_Weapons,
Gearblade (Greatsword),Specific_Magic_Weapons,Searing Blade (Greater)
Gearblade (Longsword),Specific_Magic_Weapons,
Gearblade (Shortsword),Specific_Magic_Weapons,
Spore Shepherd's Staff,Staff_Wand,Spore Shephard's Staff; Spore Shephard's Staff (Major); Spore Shephard's Staff (Greater)
Spore Shepherd's Staff (Greater),Staff_Wand,Spore Shephard's Staff (Greater); Spore Shephard's Staff (Major); Spore Shephard's Staff
Spore Shepherd's Staff (Major),Staff_Wand,Spore Shephard's Staff (Major); Spore Shephard's Staff; Spore Shephard's Staff (Greater)
Wand of Choking Mist (2nd-Level Spell),Staff_Wand,Wand of Reaching (2nd-level)
Wand of Choking Mist (4th-Level Spell),Staff_Wand,Wand of Reaching (4th-level); Wand of Chromatic Burst (4th-level)
Wand of Chromatic Burst (4th-Level Spell),Staff_Wand,Wand of Chromatic Burst (4th-level); Wand of Chromatic Burst (7th-level)
Wand of Chromatic Burst (7th-Level Spell),Staff_Wand,Wand of Chromatic Burst (7th-level); Wand of Chromatic Burst (4th-level)
Wand of Clinging Rime (7th-Level Spell),Staff_Wand,Wand of Clinging Rime (7th-level); Wand of Clinging Rime (9th-level); Wand of Clinging Rime (8th-level)
Wand of Clinging Rime (8th-Level Spell),Staff_Wand,Wand of Clinging Rime (8th-level); Wand of Clinging Rime (9th-level); Wand of Clinging Rime (7th-level)
Wand of Clinging Rime (9th-Level Spell),Staff_Wand,Wand of Clinging Rime (9th-level); Wand of Clinging Rime (8th-level); Wand of Clinging Rime (7th-level)
Wand of Continuation (1st-Level Spell),Staff_Wand,Wand of Continuation (1st-Rank Spell); Wand of Continuation (8th-Rank Spell); Wand of Continuation (7th-Rank Spell)
Wand of Continuation (2nd-Level Spell),Staff_Wand,Wand of Continuation (2nd-Rank Spell); Wand of Continuation (8th-Rank Spell); Wand of Continuation (7th-Rank Spell)
Wand of Continuation (3rd-Level Spell),Staff_Wand,Wand of Continuation (3rd-Rank Spell); Wand of Continuation (8th-Rank Spell); Wand of Continuation (7th-Rank Spell)
Wand of Continuation (4th-Level Spell),Staff_Wand,Wand of Continuation (4th-Rank Spell); Wand of Continuation (8th-Rank Spell); Wand of Continuation (7th-Rank Spell)
Wand of Continuation (5th-Level Spell),Staff_Wand,Wand of Continuation (5th-Rank Spell); Wand of Continuation (8th-Rank Spell); Wand of Continuation (7th-Rank Spell)
Wand of Continuation (6th-Level Spell),Staff_Wand,Wand of Continuation (6th-Rank Spell); Wand of Continuation (8th-Rank Spell); Wand of Continuation (7th-Rank Spell)
Wand of Continuation (7th-Level Spell),Staff_Wand,Wand of Continuation (7th-Rank Spell); Wand of Continuation (8th-Rank Spell); Wand of Continuation (6th-Rank Spell)
Wand of Continuation (8th-Level Spell),Staff_Wand,Wand of Continuation (8th-Rank Spell); Wand of Continuation (7th-Rank Spell); Wand of Continuation (6th-Rank Spell)
Wand of Dazzling Rays (3rd-Level Spell),Staff_Wand,Wand of Dazzling Rays (3rd-level); Wand of Dazzling Rays (9th-level); Wand of Dazzling Rays (8th-level)
Wand of Dazzling Rays (4th-Level Spell),Staff_Wand,Wand of Dazzling Rays (4th-level); Wand of Dazzling Rays (9th-level); Wand of Dazzling Rays (8th-level)
Wand of Dazzling Rays (5th-Level Spell),Staff_Wand,Wand of Dazzling Rays (5th-level); Wand of Dazzling Rays (9th-level); Wand of Dazzling Rays (8th-level)
Wand of Dazzling Rays (6th-Level Spell),Staff_Wand,Wand of Dazzling Rays (6th-level); Wand of Dazzling Rays (9th-level); Wand of Dazzling Rays (8th-level)
Wand of Dazzling Rays (7th-Level Spell),Staff_Wand,Wand of Dazzling Rays (7th-level); Wand of Dazzling Rays (9th-level); Wand of Dazzling Rays (8th-level)
Wand of Dazzling Rays (8th-Level Spell),Staff_Wand,Wand of Dazzling Rays (8th-level); Wand of Dazzling Rays (9th-level); Wand of Dazzling Rays (7th-level)
Wand of Dazzling Rays (9th-Level Spell),Staff_Wand,Wand of Dazzling Rays (9th-level); Wand of Dazzling Rays (8th-level); Wand of Dazzling Rays (7th-level)
Wand of Dumbfounding Doom (3rd-Level Spell),Staff_Wand,Wand of Dumbfounding Doom (3rd-level); Wand of Dumbfounding Doom (9th-level); Wand of Dumbfounding Doom (8th-level)
Wand of Dumbfounding Doom (4th-Level Spell),Staff_Wand,Wand of Dumbfounding Doom (4th-level); Wand of Dumbfounding Doom (9th-level); Wand of Dumbfounding Doom (8th-level)
Wand of Dumbfounding Doom (5th-Level Spell),Staff_Wand,Wand of Dumbfounding Doom (5th-level); Wand of Dumbfounding Doom (9th-level); Wand of Dumbfounding Doom (8th-level)
Wand of Dumbfounding Doom (6th-Level Spell),Staff_Wand,Wand of Dumbfounding Doom (6th-level); Wand of Dumbfounding Doom (9th-level); Wand of Dumbfounding Doom (8th-level)
Wand of Dumbfounding Doom (7th-Level Spell),Staff_Wand,Wand of Dumbfounding Doom (7th-level); Wand of Dumbfounding Doom (9th-level); Wand of Dumbfounding Doom (8th-level)
Wand of Dumbfounding Doom (8th-Level Spell),Staff_Wand,Wand of Dumbfounding Doom (8th-level); Wand of Dumbfounding Doom (9th-level); Wand of Dumbfounding Doom (7th-level)
Wand of Dumbfounding Doom (9th-Level Spell),Staff_Wand,Wand of Dumbfounding Doom (9th-level); Wand of Dumbfounding Doom (8th-level); Wand of Dumbfounding Doom (7th-level)
Wand of Hawthorn (2nd-Level Spell),Staff_Wand,Wand of Hawthorn (2nd-level); Wand of Hawthorn (8th-level); Wand of Hawthorn (6th-level)
Wand of Hawthorn (4th-Level Spell),Staff_Wand,Wand of Hawthorn (4th-level); Wand of Hawthorn (8th-level); Wand of Hawthorn (6th-level)
Wand of Hawthorn (6th-Level Spell),Staff_Wand,Wand of Hawthorn (6th-level); Wand of Hawthorn (8th-level); Wand of Hawthorn (4th-level)
Wand of Hawthorn (8th-Level Spell),Staff_Wand,Wand of Hawthorn (8th-level); Wand of Hawthorn (6th-level); Wand of Hawthorn (4th-level)
Wand of Hybrid Form (2nd-Level Spell),Staff_Wand,Wand of Hybrid Form (2nd-level); Wand of Hybrid Form (3rd-level); Wand of Hybrid Form (9th-level)
Wand of Hybrid Form (3rd-Level Spell),Staff_Wand,Wand of Hybrid Form (3rd-level); Wand of Hybrid Form (2nd-level); Wand of Hybrid Form (9th-level)
Wand of Hybrid Form (4th-Level Spell),Staff_Wand,Wand of Hybrid Form (4th-level); Wand of Hybrid Form (9th-level); Wand of Hybrid Form (8th-level)
Wand of Hybrid Form (5th-Level Spell),Staff_Wand,Wand of Hybrid Form (5th-level); Wand of Hybrid Form (9th-level); Wand of Hybrid Form (8th-level)
Wand of Hybrid Form (6th-Level Spell),Staff_Wand,Wand of Hybrid Form (6th-level); Wand of Hybrid Form (9th-level); Wand of Hybrid Form (8th-level)
Wand of Hybrid Form (7th-Level Spell),Staff_Wand,Wand of Hybrid Form (7th-level); Wand of Hybrid Form (9th-level); Wand of Hybrid Form (8th-level)
Wand of Hybrid Form (8th-Level Spell),Staff_Wand,Wand of Hybrid Form (8th-level); Wand of Hybrid Form (9th-level); Wand of Hybrid Form (7th-level)
Wand of Hybrid Form (9th-Level Spell),Staff_Wand,Wand of Hybrid Form (9th-level); Wand of Hybrid Form (8th-level); Wand of Hybrid Form (7th-level)
Wand of Legerdemain (1st-Level Spell),Staff_Wand,Wand of Legerdemain (1st-level); Wand of Legerdemain (9th-level); Wand of Legerdemain (8th-level)
Wand of Legerdemain (2nd-Level Spell),Staff_Wand,Wand of Legerdemain (2nd-level); Wand of Legerdemain (3rd-level); Wand of Legerdemain (9th-level)
Wand of Legerdemain (3rd-Level Spell),Staff_Wand,Wand of Legerdemain (3rd-level); Wand of Legerdemain (2nd-level); Wand of Legerdemain (9th-level)
Wand of Legerdemain (4th-Level Spell),Staff_Wand,Wand of Legerdemain (4th-level); Wand of Legerdemain (9th-level); Wand of Legerdemain (8th-level)
Wand of Legerdemain (5th-Level Spell),Staff_Wand,Wand of Legerdemain (5th-level); Wand of Legerdemain (9th-level); Wand of Legerdemain (8th-level)
Wand of Legerdemain (6th-Level Spell),Staff_Wand,Wand of Legerdemain (6th-level); Wand of Legerdemain (9th-level); Wand of Legerdemain (8th-level)
Wand of Legerdemain (7th-Level Spell),Staff_Wand,Wand of Legerdemain (7th-level); Wand of Legerdemain (9th-level); Wand of Legerdemain (8th-level)
Wand of Legerdemain (8th-Level Spell),Staff_Wand,Wand of Legerdemain (8th-level); Wand of Legerdemain (9th-level); Wand of Legerdemain (7th-level)
Wand of Legerdemain (9th-Level Spell),Staff_Wand,Wand of Legerdemain (9th-level); Wand of Legerdemain (8th-level); Wand of Legerdemain (7th-level)
Wand of Shardstorm (1st-Level Spell),Staff_Wand,Wand of Shardstorm (1st-Rank Spell); Wand of Shardstorm (7th-Rank Spell); Wand of Shardstorm (5th-Rank Spell)
Wand of Shardstorm (3rd-Level Spell),Staff_Wand,Wand of Shardstorm (3rd-Rank Spell); Wand of Shardstorm (7th-Rank Spell); Wand of Shardstorm (5th-Rank Spell)
Wand of Shardstorm (5th-Level Spell),Staff_Wand,Wand of Shardstorm (5th-Rank Spell); Wand of Shardstorm (7th-Rank Spell); Wand of Shardstorm (1st-Rank Spell)
Wand of Shardstorm (7th-Level Spell),Staff_Wand,Wand of Shardstorm (7th-Rank Spell); Wand of Shardstorm (5th-Rank Spell); Wand of Shardstorm (1st-Rank Spell)
Wand of Mental Purification (1st-Level Spell),Staff_Wand,Wand of Mental Purification (1st-level); Wand of Mental Purification (9th-level); Wand of Mental Purification (8th-level)
Wand of Mental Purification (2nd-Level Spell),Staff_Wand,Wand of Mental Purification (2nd-level); Wand of Mental Purification (3rd-level); Wand of Mental Purification (9th-level)
Wand of Mental Purification (3rd-Level Spell),Staff_Wand,Wand of Mental Purification (3rd-level); Wand of Mental Purification (2nd-level); Wand of Mental Purification (9th-level)
Wand of Mental Purification (4th-Level Spell),Staff_Wand,Wand of Mental Purification (4th-level); Wand of Mental Purification (9th-level); Wand of Mental Purification (8th-level)
Wand of Mental Purification (5th-Level Spell),Staff_Wand,Wand of Mental Purification (5th-level); Wand of Mental Purification (9th-level); Wand of Mental Purification (8th-level)
Wand of Mental Purification (6th-Level Spell),Staff_Wand,Wand of Mental Purification (6th-level); Wand of Mental Purification (9th-level); Wand of Mental Purification (8th-level)
Wand of Mental Purification (7th-Level Spell),Staff_Wand,Wand of Mental Purification (7th-level); Wand of Mental Purification (9th-level); Wand of Mental Purification (8th-level)
Wand of Mental Purification (8th-Level Spell),Staff_Wand,Wand of Mental Purification (8th-level); Wand of Mental Purification (9th-level); Wand of Mental Purification (7th-level)
Wand of Mental Purification (9th-Level Spell),Staff_Wand,Wand of Mental Purification (9th-level); Wand of Mental Purification (8th-level); Wand of Mental Purification (7th-level)
Wand of Mercy (1st-Level Spell),Staff_Wand,Wand of Mercy (1st-level); Wand of Mercy (9th-level); Wand of Mercy (8th-level)
Wand of Mercy (2nd-Level Spell),Staff_Wand,Wand of Mercy (2nd-level); Wand of Mercy (3rd-level); Wand of Mercy (9th-level)
Wand of Mercy (3rd-Level Spell),Staff_Wand,Wand of Mercy (3rd-level); Wand of Mercy (2nd-level); Wand of Mercy (9th-level)
Wand of Mercy (4th-Level Spell),Staff_Wand,Wand of Mercy (4th-level); Wand of Mercy (9th-level); Wand of Mercy (8th-level)
Wand of Mercy (5th-Level Spell),Staff_Wand,Wand of Mercy (5th-level); Wand of Mercy (9th-level); Wand of Mercy (8th-level)
Wand of Mercy (6th-Level Spell),Staff_Wand,Wand of Mercy (6th-level); Wand of Mercy (9th-level); Wand of Mercy (8th-level)
Wand of Mercy (7th-Level Spell),Staff_Wand,Wand of Mercy (7th-level); Wand of Mercy (9th-level); Wand of Mercy (8th-level)
Wand of Mercy (8th-Level Spell),Staff_Wand,Wand of Mercy (8th-level); Wand of Mercy (9th-level); Wand of Mercy (7th-level)
Wand of Mercy (9th-Level Spell),Staff_Wand,Wand of Mercy (9th-level); Wand of Mercy (8th-level); Wand of Mercy (7th-level)
Wand of Noisome Acid (2nd-Level Spell),Staff_Wand,Wand of Noisome Acid (2nd-Rank Spell); Wand of Noisome Acid (4nd-Rank Spell); Wand of Noisome Acid (8th-Rank Spell)
Wand of Noisome Acid (4th-Level Spell),Staff_Wand,Wand of Noisome Acid (8th-Rank Spell); Wand of Noisome Acid (6th-Rank Spell); Wand of Noisome Acid (4nd-Rank Spell)
Wand of Noisome Acid (6th-Level Spell),Staff_Wand,Wand of Noisome Acid (6th-Rank Spell); Wand of Noisome Acid (8th-Rank Spell); Wand of Noisome Acid (4nd-Rank Spell)
Wand of Noisome Acid (8th-Level Spell),Staff_Wand,Wand of Noisome Acid (8th-Rank Spell); Wand of Noisome Acid (6th-Rank Spell); Wand of Noisome Acid (4nd-Rank Spell)
Wand of Paralytic Shock (3rd-Level Spell),Staff_Wand,Wand of Paralytic Shock (3rd-level); Wand of Paralytic Shock (7th-level)
Wand of Paralytic Shock (7th-Level Spell),Staff_Wand,Wand of Paralytic Shock (7th-level); Wand of Paralytic Shock (3rd-level)
Wand of Pernicious Poison (1st-Level Spell),Staff_Wand,Wand of Pernicious Poison (Spider Sting)
Wand of Pernicious Poison (6th-Level Spell),Staff_Wand,Wand of Pernicious Poison (Spider Sting)
Wand of Reaching (1st-Level Spell),Staff_Wand,Wand of Reaching (1st-level); Wand of Reaching (9th-level); Wand of Reaching (8th-level)
Wand of Reaching (2nd-Level Spell),Staff_Wand,Wand of Reaching (2nd-level); Wand of Reaching (3rd-level); Wand of Reaching (9th-level)
Wand of Reaching (3rd-Level Spell),Staff_Wand,Wand of Reaching (3rd-level); Wand of Reaching (2nd-level); Wand of Reaching (9th-level)
Wand of Reaching (4th-Level Spell),Staff_Wand,Wand of Reaching (4th-level); Wand of Reaching (9th-level); Wand of Reaching (8th-level)
Wand of Reaching (5th-Level Spell),Staff_Wand,Wand of Reaching (5th-level); Wand of Reaching (9th-level); Wand of Reaching (8th-level)
Wand of Reaching (6th-Level Spell),Staff_Wand,Wand of Reaching (6th-level); Wand of Reaching (9th-level); Wand of Reaching (8th-level)
Wand of Reaching (7th-Level Spell),Staff_Wand,Wand of Reaching (7th-level); Wand of Reaching (9th-level); Wand of Reaching (8th-level)
Wand of Reaching (8th-Level Spell),Staff_Wand,Wand of Reaching (8th-level); Wand of Reaching (9th-level); Wand of Reaching (7th-level)
Wand of Reaching (9th-Level Spell),Staff_Wand,Wand of Reaching (9th-level); Wand of Reaching (8th-level); Wand of Reaching (7th-level)
Wand of Refracting Rays (4th-Level Spell),Staff_Wand,Wand of Refracting Rays (4th-level); Wand of Refracting Rays (7th-level); Wand of Reaching (4th-level)
Wand of Refracting Rays (6th-Level Spell),Staff_Wand,Wand of Refracting Rays (7th-level); Wand of Refracting Rays (4th-level); Wand of Reaching (6th-level)
Wand of Rolling Flames (2nd-Level Spell),Staff_Wand,Wand of Rolling Flames (2nd-level); Wand of Rolling Flames (3rd-level); Wand of Rolling Flames (9th-level)
Wand of Rolling Flames (3rd-Level Spell),Staff_Wand,Wand of Rolling Flames (3rd-level); Wand of Rolling Flames (2nd-level); Wand of Rolling Flames (9th-level)
Wand of Rolling Flames (4th-Level Spell),Staff_Wand,Wand of Rolling Flames (4th-level); Wand of Rolling Flames (9th-level); Wand of Rolling Flames (8th-level)
Wand of Rolling Flames (5th-Level Spell),Staff_Wand,Wand of Rolling Flames (5th-level); Wand of Rolling Flames (9th-level); Wand of Rolling Flames (8th-level)
Wand of Rolling Flames (6th-Level Spell),Staff_Wand,Wand of Rolling Flames (6th-level); Wand of Rolling Flames (9th-level); Wand of Rolling Flames (8th-level)
Wand of Rolling Flames (7th-Level Spell),Staff_Wand,Wand of Rolling Flames (7th-level); Wand of Rolling Flames (9th-level); Wand of Rolling Flames (8th-level)
Wand of Rolling Flames (8th-Level Spell),Staff_Wand,Wand of Rolling Flames (8th-level); Wand of Rolling Flames (9th-level); Wand of Rolling Flames (7th-level)
Wand of Rolling Flames (9th-Level Spell),Staff_Wand,Wand of Rolling Flames (9th-level); Wand of Rolling Flames (8th-level); Wand of Rolling Flames (7th-level)
Wand of Spiritual Warfare (2nd-Level),Staff_Wand,Wand of Spiritual Warfare (2nd-Rank Spell); Wand of Spiritual Warfare (8th-Rank Spell); Wand of Spiritual Warfare (6th-Rank Spell)
Wand of Spiritual Warfare (4th-Level),Staff_Wand,Wand of Spiritual Warfare (4th-Rank Spell); Wand of Spiritual Warfare (8th-Rank Spell); Wand of Spiritual Warfare (6th-Rank Spell)
Wand of Spiritual Warfare (6th-Level),Staff_Wand,Wand of Spiritual Warfare (6th-Rank Spell); Wand of Spiritual Warfare (8th-Rank Spell); Wand of Spiritual Warfare (4th-Rank Spell)
Wand of Spiritual Warfare (8th-Level),Staff_Wand,Wand of Spiritual Warfare (8th-Rank Spell); Wand of Spiritual Warfare (6th-Rank Spell); Wand of Spiritual Warfare (4th-Rank Spell)
Wand of Teeming Ghosts (2nd-Level Spell),Staff_Wand,Wand of Teeming Ghosts (2nd-Rank Spell); Wand of Teeming Ghosts (9th-Rank Spell); Wand of Teeming Ghosts (8th-Rank Spell)
Wand of Teeming Ghosts (3rd-Level Spell),Staff_Wand,Wand of Teeming Ghosts (3rd-Rank Spell); Wand of Teeming Ghosts (9th-Rank Spell); Wand of Teeming Ghosts (8th-Rank Spell)
Wand of Teeming Ghosts (4th-Level Spell),Staff_Wand,Wand of Teeming Ghosts (4th-Rank Spell); Wand of Teeming Ghosts (9th-Rank Spell); Wand of Teeming Ghosts (8th-Rank Spell)
Wand of Teeming Ghosts (5th-Level Spell),Staff_Wand,Wand of Teeming Ghosts (5th-Rank Spell); Wand of Teeming Ghosts (9th-Rank Spell); Wand of Teeming Ghosts (8th-Rank Spell)
Wand of Teeming Ghosts (6th-Level Spell),Staff_Wand,Wand of Teeming Ghosts (6th-Rank Spell); Wand of Teeming Ghosts (9th-Rank Spell); Wand of Teeming Ghosts (8th-Rank Spell)
Wand of Teeming Ghosts (7th-Level Spell),Staff_Wand,Wand of Teeming Ghosts (7th-Rank Spell); Wand of Teeming Ghosts (9th-Rank Spell); Wand of Teeming Ghosts (8th-Rank Spell)
Wand of Teeming Ghosts (8th-Level Spell),Staff_Wand,Wand of Teeming Ghosts (8th-Rank Spell); Wand of Teeming Ghosts (9th-Rank Spell); Wand of Teeming Ghosts (7th-Rank Spell)
Wand of Teeming Ghosts (9th-Level Spell),Staff_Wand,Wand of Teeming Ghosts (9th-Rank Spell); Wand of Teeming Ghosts (8th-Rank Spell); Wand of Teeming Ghosts (7th-Rank Spell)
Wand of Thundering Echoes (3rd-Level),Staff_Wand,Wand of Thundering Echoes (3rd-Rank Spell); Wand of Thundering Echoes (8th-Rank Spell); Wand of Thundering Echoes (7th-Rank Spell)
Wand of Thundering Echoes (4th-Level),Staff_Wand,Wand of Thundering Echoes (4th-Rank Spell); Wand of Thundering Echoes (8th-Rank Spell); Wand of Thundering Echoes (7th-Rank Spell)
Wand of Thundering Echoes (5th-Level),Staff_Wand,Wand of Thundering Echoes (5th-Rank Spell); Wand of Thundering Echoes (8th-Rank Spell); Wand of Thundering Echoes (7th-Rank Spell)
Wand of Thundering Echoes (6th-Level),Staff_Wand,Wand of Thundering Echoes (6th-Rank Spell); Wand of Thundering Echoes (8th-Rank Spell); Wand of Thundering Echoes (7th-Rank Spell)
Wand of Thundering Echoes (7th-Level),Staff_Wand,Wand of Thundering Echoes (7th-Rank Spell); Wand of Thundering Echoes (8th-Rank Spell); Wand of Thundering Echoes (6th-Rank Spell)
Wand of Thundering Echoes (8th-Level),Staff_Wand,Wand of Thundering Echoes (8th-Rank Spell); Wand of Thundering Echoes (7th-Rank Spell); Wand of Thundering Echoes (6th-Rank Spell)
Wand of Toxic Blades (6th-Level Spell),Staff_Wand,Wand of Toxic Blades (6th-level); Wand of Toxic Blades (8th-level); Wand of Toxic Blades (7th-level)
Wand of Toxic Blades (7th-Level Spell),Staff_Wand,Wand of Toxic Blades (7th-level); Wand of Toxic Blades (8th-level); Wand of Toxic Blades (6th-level)
Wand of Toxic Blades (8th-Level Spell),Staff_Wand,Wand of Toxic Blades (8th-level); Wand of Toxic Blades (7th-level); Wand of Toxic Blades (6th-level)
Wand of Wearying Dance,Staff_Wand,Wand of Wearing Dance
Wand of Widening (1st-Level Spell),Staff_Wand,Wand of Widening (1st-Rank Spell); Wand of Widening (9th-Rank Spell); Wand of Widening (8th-Rank Spell)
Wand of Widening (2nd-Level Spell),Staff_Wand,Wand of Widening (2nd-Rank Spell); Wand of Widening (9th-Rank Spell); Wand of Widening (8th-Rank Spell)
Wand of Widening (3rd-Level Spell),Staff_Wand,Wand of Widening (3rd-Rank Spell); Wand of Widening (9th-Rank Spell); Wand of Widening (8th-Rank Spell)
Wand of Widening (4th-Level Spell),Staff_Wand,Wand of Widening (4th-Rank Spell); Wand of Widening (9th-Rank Spell); Wand of Widening (8th-Rank Spell)
Wand of Widening (5th-Level Spell),Staff_Wand,Wand of Widening (5th-Rank Spell); Wand of Widening (9th-Rank Spell); Wand of Widening (8th-Rank Spell)
Wand of Widening (6th-Level Spell),Staff_Wand,Wand of Widening (6th-Rank Spell); Wand of Widening (9th-Rank Spell); Wand of Widening (8th-Rank Spell)
Wand of Widening (7th-Level Spell),Staff_Wand,Wand of Widening (7th-Rank Spell); Wand of Widening (9th-Rank Spell); Wand of Widening (8th-Rank Spell)
Wand of Widening (8th-Level Spell),Staff_Wand,Wand of Widening (8th-Rank Spell); Wand of Widening (9th-Rank Spell); Wand of Widening (7th-Rank Spell)
Wand of Widening (9th-Level Spell),Staff_Wand,Wand of Widening (9th-Rank Spell); Wand of Widening (8th-Rank Spell); Wand of Widening (7th-Rank Spell)
Noqual Weapon (High-Grade),Weapon_Material,Inubrix Weapon (High Grade); Cold Iron Weapon (High Grade); Silver Weapon (High Grade)
Noqual Weapon (Standard-Grade),Weapon_Material,Inubrix Weapon (Standard Grade); Cold Iron Weapon (Stadard Grade); Silver Weapon (Standard Grade)
Orichalcum Weapon (High-Grade),Weapon_Material,Abysium Weapon (High Grade); Silver Weapon (High Grade); Inubrix Weapon (High Grade)
Peachwood Weapon (High-Grade),Weapon_Material,Duskwood Weapon (High Grade); Cold Iron Weapon (High Grade)
Peachwood Weapon (Standard-Grade),Weapon_Material,Duskwood Weapon (Standard Grade); Cold Iron Weapon (Stadard Grade); Cold Iron Weapon (Stadard Grade)
Siccatite Weapon (High-Grade),Weapon_Material,Silver Weapon (High Grade); Adamantine Weapon (High Grade); Keep Stone Weapon (High Grade)
Siccatite Weapon (Standard-Grade),Weapon_Material,Silver Weapon (Standard Grade); Adamantine Weapon (Standard Grade); Inubrix Weapon (Standard Grade)
Sisterstone Weapon (High-Grade),Weapon_Material,Keep Stone Weapon (High Grade); Silver Weapon (High Grade); Cold Iron Weapon (High Grade)
Sisterstone Weapon (Low-Grade),Weapon_Material,Silver Weapon (Low Grade); Cold Iron Weapon (Low Grade)
Sisterstone Weapon (Standard-Grade),Weapon_Material,Silver Weapon (Standard Grade); Cold Iron Weapon (Stadard Grade); Cold Iron Weapon (Stadard Grade)
Sovereign Steel Weapon (High-Grade),Weapon_Material,Silver Weapon (High Grade); Djezet Weapon (High Grade)
Sovereign Steel Weapon (Standard-Grade),Weapon_Material,Silver Weapon (Standard Grade); Djezet Weapon (Standard Grade); Dawnsilver Weapon (Standard Grade)
Energy Robe (Acid),Worn_Items,Energy Robe of Acid; Energy Robe of Cold; Energy Robe of Fire
Energy Robe (Cold),Worn_Items,Energy Robe of Cold; Energy Robe of Acid; Energy Robe of Fire
Energy Robe (Electricity),Worn_Items,Energy Robe of Electricity
Energy Robe (Fire),Worn_Items,Energy Robe of Fire; Energy Robe of Acid; Energy Robe of Cold
Handwraps of Mighty Blows (+1 Striking),Worn_Items,Handwraps of Mighty Blows
Handwraps of Mighty Blows (+1),Worn_Items,Handwraps of Mighty Blows
Handwraps of Mighty Blows (+2 Greater Striking),Worn_Items,Handwraps of Mighty Blows
Handwraps of Mighty Blows (+2 Striking),Worn_Items,Handwraps of Mighty Blows
Handwraps of Mighty Blows (+3 Greater Striking),Worn_Items,Handwraps of Mighty Blows
Handwraps of Mighty Blows (+3 Major Striking),Worn_Items,Handwraps of Mighty Blows
Bloodline Robe - Aberrant,Worn_Items,Bloodline Robe
Bloodline Robe - Aesir,Worn_Items,Bloodline Robe
Bloodline Robe - Angelic,Worn_Items,Bloodline Robe
Bloodline Robe - Demonic,Worn_Items,Bloodline Robe
Bloodline Robe - Diabolic,Worn_Items,Bloodline Robe
Bloodline Robe - Draconic,Worn_Items,Bloodline Robe
Bloodline Robe - Elemental,Worn_Items,Bloodline Robe
Bloodline Robe - Fey,Worn_Items,Bloodline Robe
Bloodline Robe - Genie,Worn_Items,Bloodline Robe
Bloodline Robe - Hag,Worn_Items,Bloodline Robe
Bloodline Robe - Harrow,Worn_Items,Bloodline Robe
Bloodline Robe - Imperial,Worn_Items,Bloodline Robe
Bloodline Robe - Nymph,Worn_Items,Bloodline Robe
Bloodline Robe - Phoenix,Worn_Items,Bloodline Robe
Bloodline Robe - Psychopomp,Worn_Items,Bloodline Robe
Bloodline Robe - Shadow,Worn_Items,Bloodline Robe
Bloodline Robe - Undead,Worn_Items,Bloodline Robe
Bloodline Robe - Wyrmblessed,Worn_Items,
Essence Charm (Acrobatics),Worn_Items,
Essence Charm (Arcana),Worn_Items,Essence Charm
Essence Charm (Athletics),Worn_Items,Essence Charm
Essence Charm (Crafting),Worn_Items,Essence Charm
Essence Charm (Deception),Worn_Items,Essence Charm
Essence Charm (Diplomacy),Worn_Items,Essence Charm
Essence Charm (Intimidation),Worn_Items,
Essence Charm (Medicine),Worn_Items,Essence Charm
Essence Charm (Nature),Worn_Items,Essence Charm
Essence Charm (Occultism),Worn_Items,Essence Charm
Essence Charm (Performance),Worn_Items,
Essence Charm (Religion),Worn_Items,Essence Charm
Essence Charm (Society),Worn_Items,Essence Charm
Essence Charm (Stealth),Worn_Items,Essence Charm
Essence Charm (Survival),Worn_Items,Essence Charm
Essence Charm (Thievery),Worn_Items,Essence Charm
